<?xml version="1.0" encoding="utf-8"?>
<Module>
	<Id value="Adoption" />
	<Name value="Adoption" />
	<Version value="v2.0.1" />
	<DefaultModule value="false" />
	<ModuleCategory value="Singleplayer"/>
	<ModuleType value="Community" />
	<Url value="https://www.nexusmods.com/mountandblade2bannerlord/mods/4793" />
	<DependedModules>
		<DependedModule Id="Bannerlord.Harmony" DependentVersion="v2.2.2" />
		<DependedModule Id="Bannerlord.ButterLib" DependentVersion="v2.8.15" />
		<DependedModule Id="Bannerlord.UIExtenderEx" DependentVersion="v2.8.1" />
		<DependedModule Id="Bannerlord.MBOptionScreen" DependentVersion="v5.9.2" />
		<DependedModule Id="Native" DependentVersion="v1.3.8" />
		<DependedModule Id="SandBoxCore" DependentVersion="v1.3.8" />
		<DependedModule Id="Sandbox" DependentVersion="v1.3.8" />
	</DependedModules>
	<!-- Community Dependency Metadata -->
	<!-- https://github.com/BUTR/Bannerlord.BLSE#community-dependency-metadata -->
	<DependedModuleMetadatas>
		<DependedModuleMetadata id="Bannerlord.Harmony" order="LoadBeforeThis" version="v2.2.2" />
		<DependedModuleMetadata id="Bannerlord.ButterLib" order="LoadBeforeThis" version="v2.8.15" />
		<DependedModuleMetadata id="Bannerlord.UIExtenderEx" order="LoadBeforeThis" version="v2.8.1" />
		<DependedModuleMetadata id="Bannerlord.MBOptionScreen" order="LoadBeforeThis" version="v5.9.2" />
		<DependedModuleMetadata id="Native" order="LoadBeforeThis" version="v1.3.8.*" />
		<DependedModuleMetadata id="SandBoxCore" order="LoadBeforeThis" version="v1.3.8.*" />
		<DependedModuleMetadata id="Sandbox" order="LoadBeforeThis" version="v1.3.8.*" />
		<DependedModuleMetadata id="StoryMode" order="LoadBeforeThis" version="v1.3.8.*" optional="true" />
		<DependedModuleMetadata id="CustomBattle" order="LoadBeforeThis" version="v1.3.8.*" optional="true" />
		<DependedModuleMetadata id="BirthAndDeath" order="LoadBeforeThis" version="v1.3.8.*" optional="true" />
	</DependedModuleMetadatas>
	<SubModules>
		<SubModule>
			<Name value="Adoption" />
			<DLLName value="Adoption.v1.3.8.dll" />
			<SubModuleClassType value="Adoption.SubModule" />
			<Tags />
		</SubModule>
	</SubModules>
</Module>